poll_date,institute,register_tse,candidate,poll_pct,polymarket_pct,polymarket_date,divergence_pp
2026-03-03,Real Time Big Data/Record,Encomendada pela Record,Lula,39,63.5,20/08/2026,24.5
2026-03-03,Real Time Big Data/Record,Encomendada pela Record,Flávio,32,32.85,20/08/2026,0.85
2026-03-03,Real Time Big Data/Record,Encomendada pela Record,Zema,2,0.15,20/08/2026,-1.85
2026-03-03,Real Time Big Data/Record,Encomendada pela Record,Renan,2,4.45,20/08/2026,2.45
2026-03-07,Datafolha,Folha de S.Paulo,Lula,39,63.5,20/08/2026,24.5
2026-03-07,Datafolha,Folha de S.Paulo,Flávio,34,32.85,20/08/2026,-1.15
2026-03-07,Datafolha,Folha de S.Paulo,Zema,4,0.15,20/08/2026,-3.85
2026-03-07,Datafolha,Folha de S.Paulo,Renan,3,4.45,20/08/2026,1.45
2026-03-11,Quaest/Genial Investimentos,Genial Investimentos,Lula,37,63.5,20/08/2026,26.5
2026-03-11,Quaest/Genial Investimentos,Genial Investimentos,Flávio,30,32.85,20/08/2026,2.85
2026-03-11,Quaest/Genial Investimentos,Genial Investimentos,Zema,3,0.15,20/08/2026,-2.85
2026-03-11,Quaest/Genial Investimentos,Genial Investimentos,Renan,1,4.45,20/08/2026,3.45
2026-03-25,AtlasIntel/Bloomberg,BR-04227/2026,Lula,45.9,63.5,20/08/2026,17.6
2026-03-25,AtlasIntel/Bloomberg,BR-04227/2026,Flávio,40.1,32.85,20/08/2026,-7.25
2026-03-25,AtlasIntel/Bloomberg,BR-04227/2026,Renan,4.4,4.45,20/08/2026,0.05
2026-03-25,AtlasIntel/Bloomberg,BR-04227/2026,Caiado,3.7,0.35,20/08/2026,-3.35
2026-03-25,AtlasIntel/Bloomberg,BR-04227/2026,Zema,3.1,0.15,20/08/2026,-2.95
2026-03-27,Gerp/AESP,AESP (Assoc. Emissoras SP),Lula,38,63.5,20/08/2026,25.5
2026-03-27,Gerp/AESP,AESP (Assoc. Emissoras SP),Flávio,36,32.85,20/08/2026,-3.15
2026-03-27,Gerp/AESP,AESP (Assoc. Emissoras SP),Zema,3,0.15,20/08/2026,-2.85
2026-03-27,Gerp/AESP,AESP (Assoc. Emissoras SP),Caiado,3,0.35,20/08/2026,-2.65
2026-03-27,Gerp/AESP,AESP (Assoc. Emissoras SP),Renan,1,4.45,20/08/2026,3.45
2026-03-30,Paraná Pesquisas,BR-00873/2026,Lula,41.3,63.5,20/08/2026,22.2
2026-03-30,Paraná Pesquisas,BR-00873/2026,Flávio,37.8,32.85,20/08/2026,-4.95
2026-03-30,Paraná Pesquisas,BR-00873/2026,Caiado,3.6,0.35,20/08/2026,-3.25
2026-03-30,Paraná Pesquisas,BR-00873/2026,Zema,3,0.15,20/08/2026,-2.85
2026-03-30,Paraná Pesquisas,BR-00873/2026,Renan,1.2,4.45,20/08/2026,3.25
2026-03-30,Nexus/BTG Pactual,BR-07875/2026,Lula,41,63.5,20/08/2026,22.5
2026-03-30,Nexus/BTG Pactual,BR-07875/2026,Flávio,38,32.85,20/08/2026,-5.15
2026-03-30,Nexus/BTG Pactual,BR-07875/2026,Zema,4,0.15,20/08/2026,-3.85
2026-03-30,Nexus/BTG Pactual,BR-07875/2026,Caiado,4,0.35,20/08/2026,-3.65
2026-03-30,Nexus/BTG Pactual,BR-07875/2026,Renan,2,4.45,20/08/2026,2.45
2026-05-05,Real Time Big Data,BR-03627/2026,Lula,40,36.5,2026-05-05,-3.5
2026-05-05,Real Time Big Data,BR-03627/2026,Flávio,34,44.05,2026-05-05,10.05
2026-05-05,Real Time Big Data,BR-03627/2026,Caiado,5,1.15,2026-05-05,-3.85
2026-05-05,Real Time Big Data,BR-03627/2026,Zema,4,4.65,2026-05-05,0.65
2026-05-05,Real Time Big Data,BR-03627/2026,Renan,3,5.45,2026-05-05,2.45
2026-05-07,Paraná Pesquisas,,Flávio,39.3,45,2026-05-07,5.7
2026-05-07,Paraná Pesquisas,,Lula,36,37.5,2026-05-07,1.5
2026-05-08,Paraná Pesquisas,,Flávio,44.6,43.85,2026-05-08,-0.75
2026-05-08,Paraná Pesquisas,,Lula,29.8,37.5,2026-05-08,7.7
2026-05-13,Quaest/Genial,,Lula,39,45.5,2026-05-13,6.5
2026-05-13,Quaest/Genial,,Flávio,33,28.45,2026-05-13,-4.55
2026-05-13,Quaest/Genial,,Caiado,4,1.25,2026-05-13,-2.75
2026-05-13,Quaest/Genial,,Zema,4,12,2026-05-13,8
2026-05-15,Datafolha,BR-00290/2026,Lula,39,44.5,2026-05-15,5.5
2026-05-15,Datafolha,BR-00290/2026,Flávio,35,28.85,2026-05-15,-6.15
2026-05-19,AtlasIntel,,Lula,47,44.5,2026-05-19,-2.5
2026-05-19,AtlasIntel,,Flávio,34.3,31.3,2026-05-19,-3
2026-05-20,Vox Brasil,,Lula,46.8,44.5,2026-05-19,-2.3
2026-05-20,Vox Brasil,,Flávio,38.1,31.3,2026-05-19,-6.8
2026-05-22,Datafolha,,Lula,40,45.5,2026-05-22,5.5
2026-05-22,Datafolha,,Flávio,31,28.05,2026-05-22,-2.95
2026-05-27,Indexa Pesquisas,,Lula,39,45.5,2026-05-23,6.5
2026-05-27,Indexa Pesquisas,,Flávio,30,27.75,2026-05-23,-2.25
2026-05-28,Meio/Ideia,BR-02918/2026,Lula,38.5,45.5,2026-05-23,7
2026-05-28,Meio/Ideia,BR-02918/2026,Flávio,31.5,27.75,2026-05-23,-3.75
2026-05-28,Meio/Ideia,BR-02918/2026,Caiado,5.5,1.65,2026-05-23,-3.85
2026-05-28,Meio/Ideia,BR-02918/2026,Zema,2.4,4.65,2026-05-23,2.25
2026-05-28,Meio/Ideia,BR-02918/2026,Renan,2.1,11.95,2026-05-23,9.85
2026-06-01,Real Time Big Data,BR-05864/2026,Lula,38,40.5,2026-06-01,2.5
2026-06-01,Real Time Big Data,BR-05864/2026,Flávio,31,29.2,2026-06-01,-1.8
2026-06-01,Real Time Big Data,BR-05864/2026,Caiado,6,2.6,2026-06-01,-3.4
2026-06-01,Real Time Big Data,BR-05864/2026,Renan,6,16.8,2026-06-01,10.8
2026-06-01,Real Time Big Data,BR-05864/2026,Zema,4,2.8,2026-06-01,-1.2
2026-06-05,Vox Brasil,BR-08016/2026,Lula,42.1,41.5,2026-06-05,-0.6
2026-06-05,Vox Brasil,BR-08016/2026,Flávio,33.6,28.2,2026-06-05,-5.4
2026-06-05,Vox Brasil,BR-08016/2026,Caiado,6.9,2.35,2026-06-05,-4.55
2026-06-10,Quaest/Genial,,Lula,39,44.5,2026-06-10,5.5
2026-06-10,Quaest/Genial,,Flávio,29,28.65,2026-06-10,-0.35
2026-06-10,Quaest/Genial,,Renan,3,16.65,2026-06-10,13.65
2026-06-10,Quaest/Genial,,Caiado,3,1.75,2026-06-10,-1.25
2026-06-10,Quaest/Genial,,Zema,2,1.85,2026-06-10,-0.15
2026-06-15,BTG/Nexus,BR-06645/2026,Lula,42,51.5,2026-06-15,9.5
2026-06-15,BTG/Nexus,BR-06645/2026,Flávio,33,25.55,2026-06-15,-7.45
2026-06-16,CNT/MDA,BR-04256/2026,Lula,41.8,51.5,2026-06-16,9.7
2026-06-16,CNT/MDA,BR-04256/2026,Flávio,28.2,25.35,2026-06-16,-2.85
2026-06-16,CNT/MDA,BR-04256/2026,Caiado,4,1.95,2026-06-16,-2.05
2026-06-16,CNT/MDA,BR-04256/2026,Zema,2.8,1.35,2026-06-16,-1.45
2026-06-16,CNT/MDA,BR-04256/2026,Renan,2,14.05,2026-06-16,12.05
2026-06-16,Futura/Apex,BR-01461/2026,Lula,41.6,51.5,2026-06-16,9.9
2026-06-16,Futura/Apex,BR-01461/2026,Flávio,34.1,25.35,2026-06-16,-8.75
2026-06-20,Datafolha,BR-09956/2026,Lula,41,51.5,2026-06-20,10.5
2026-06-20,Datafolha,BR-09956/2026,Flávio,31,25.05,2026-06-20,-5.95
2026-06-20,Datafolha,BR-09956/2026,Caiado,3,2.25,2026-06-20,-0.75
2026-06-20,Datafolha,BR-09956/2026,Renan,3,14.35,2026-06-20,11.35
2026-06-20,Datafolha,BR-09956/2026,Zema,2,1.45,2026-06-20,-0.55
2026-06-23,Indexa Pesquisas,,Lula,42,53.5,2026-06-23,11.5
2026-06-23,Indexa Pesquisas,,Flávio,31,25.55,2026-06-23,-5.45
2026-06-24,Gerp,,Lula,37,57.5,2026-06-24,20.5
2026-06-24,Gerp,,Flávio,34,22.9,2026-06-24,-11.1
2026-06-25,PoderData/Aya,,Lula,40,56.5,2026-06-25,16.5
2026-06-25,PoderData/Aya,,Flávio,36,23.45,2026-06-25,-12.55
2026-06-25,PoderData/Aya,,Renan,4,11.45,2026-06-25,7.45
2026-06-25,PoderData/Aya,,Caiado,4,1.65,2026-06-25,-2.35
2026-06-27,Vox Brasil,,Lula,38.3,56.5,2026-06-27,18.2
2026-06-27,Vox Brasil,,Flávio,32.2,22.15,2026-06-27,-10.05
2026-06-29,BTG/Nexus,BR-08521/2026,Lula,42,56.5,2026-06-29,14.5
2026-06-29,BTG/Nexus,BR-08521/2026,Flávio,34,23.55,2026-06-29,-10.45
2026-06-29,BTG/Nexus,BR-08521/2026,Caiado,5,1.25,2026-06-29,-3.75
2026-06-29,BTG/Nexus,BR-08521/2026,Renan,4,12.55,2026-06-29,8.55
2026-06-29,BTG/Nexus,BR-08521/2026,Zema,3,1.2,2026-06-29,-1.8
2026-07-01,AtlasIntel,BR-04582/2026,Lula,46.3,57.5,2026-07-01,11.2
2026-07-01,AtlasIntel,BR-04582/2026,Flávio,36.6,22.95,2026-07-01,-13.65
2026-07-08,Ideia/Canal Meio,BR-05628/2026,Lula,40.4,61.5,2026-07-08,21.1
2026-07-08,Ideia/Canal Meio,BR-05628/2026,Flávio,32,22.45,2026-07-08,-9.55
2026-07-08,Ideia/Canal Meio,BR-05628/2026,Caiado,4,1.35,2026-07-08,-2.65
2026-07-08,Ideia/Canal Meio,BR-05628/2026,Zema,2.5,0.95,2026-07-08,-1.55
2026-07-08,Ideia/Canal Meio,BR-05628/2026,Renan,2,9.65,2026-07-08,7.65
2026-07-08,Gerp,BR-03067/2026,Lula,36,61.5,2026-07-08,25.5
2026-07-08,Gerp,BR-03067/2026,Flávio,36,22.45,2026-07-08,-13.55
2026-07-08,Gerp,BR-03067/2026,Caiado,4,1.35,2026-07-08,-2.65
2026-07-08,Gerp,BR-03067/2026,Renan,2,9.65,2026-07-08,7.65
2026-07-08,Gerp,BR-03067/2026,Zema,2,0.95,2026-07-08,-1.05
2026-07-13,BTG/Nexus,BR-07981/2026,Lula,40,60.5,2026-07-13,20.5
2026-07-13,BTG/Nexus,BR-07981/2026,Flávio,34,23.85,2026-07-13,-10.15
2026-07-13,BTG/Nexus,BR-07981/2026,Caiado,5,1.45,2026-07-13,-3.55
2026-07-13,BTG/Nexus,BR-07981/2026,Renan,4,10.05,2026-07-13,6.05
2026-07-13,BTG/Nexus,BR-07981/2026,Zema,4,0.85,2026-07-13,-3.15
2026-07-14,Futura/Apex,BR-07294/2026,Lula,40.1,60.5,2026-07-13,20.4
2026-07-14,Futura/Apex,BR-07294/2026,Flávio,36.8,23.85,2026-07-13,-12.95
2026-07-14,Futura/Apex,BR-07294/2026,Caiado,5,1.45,2026-07-13,-3.55
2026-07-14,Futura/Apex,BR-07294/2026,Zema,3.7,0.85,2026-07-13,-2.85
2026-07-14,Futura/Apex,BR-07294/2026,Renan,2.6,10.05,2026-07-13,7.45
2026-07-15,Quaest/Genial,BR-07181/2026,Lula,40,61.5,2026-07-15,21.5
2026-07-15,Quaest/Genial,BR-07181/2026,Flávio,28,25.3,2026-07-15,-2.7
2026-07-15,Quaest/Genial,BR-07181/2026,Caiado,4,1.4,2026-07-15,-2.6
2026-07-15,Quaest/Genial,BR-07181/2026,Renan,3,8.5,2026-07-15,5.5
2026-07-15,Quaest/Genial,BR-07181/2026,Zema,2,0.8,2026-07-15,-1.2
2026-07-15,Quaest/Genial,,Lula,40,61.5,2026-07-15,21.5
2026-07-15,Quaest/Genial,,Flávio,28,25.3,2026-07-15,-2.7
2026-07-15,Quaest/Genial,,Caiado,4,1.4,2026-07-15,-2.6
2026-07-15,Quaest/Genial,,Renan,3,8.5,2026-07-15,5.5
2026-07-15,Quaest/Genial,,Zema,2,0.8,2026-07-15,-1.2
2026-07-16,PoderData/Aya,BR-00059/2026,Lula,40,60.5,2026-07-16,20.5
2026-07-16,PoderData/Aya,BR-00059/2026,Flávio,34,25.45,2026-07-16,-8.55
2026-07-16,PoderData/Aya,BR-00059/2026,Renan,6,8.4,2026-07-16,2.4
2026-07-16,PoderData/Aya,BR-00059/2026,Caiado,4,1.25,2026-07-16,-2.75
2026-07-16,PoderData/Aya,BR-00059/2026,Zema,4,0.65,2026-07-16,-3.35
2026-07-21,Indexa Pesquisas,BR-02904/2026,Lula,41,60.5,2026-07-21,19.5
2026-07-21,Indexa Pesquisas,BR-02904/2026,Flávio,30,26.15,2026-07-21,-3.85
2026-07-21,Indexa Pesquisas,BR-02904/2026,Caiado,6,1.85,2026-07-21,-4.15
2026-07-21,Indexa Pesquisas,BR-02904/2026,Zema,3,0.85,2026-07-21,-2.15
2026-07-21,Indexa Pesquisas,BR-02904/2026,Renan,3,8.85,2026-07-21,5.85
2026-07-21,Real Time Big Data,BR-09247/2026,Lula,40,60.5,2026-07-21,20.5
2026-07-21,Real Time Big Data,BR-09247/2026,Flávio,33,26.15,2026-07-21,-6.85
2026-07-21,Real Time Big Data,BR-09247/2026,Renan,9,8.85,2026-07-21,-0.15
2026-07-21,Real Time Big Data,BR-09247/2026,Caiado,7,1.85,2026-07-21,-5.15
2026-07-22,Gerp,BR-05026/2026,Lula,38,60.5,2026-07-22,22.5
2026-07-22,Gerp,BR-05026/2026,Flávio,38,24.95,2026-07-22,-13.05
2026-07-22,Gerp,BR-05026/2026,Zema,3,0.5,2026-07-22,-2.5
2026-07-22,Gerp,BR-05026/2026,Renan,3,10.7,2026-07-22,7.7
2026-07-22,Gerp,BR-05026/2026,Caiado,3,1.5,2026-07-22,-1.5
2026-07-24,Datafolha,BR-01166/2026,Lula,40,61.5,2026-07-24,21.5
2026-07-24,Datafolha,BR-01166/2026,Flávio,32,22.95,2026-07-24,-9.05
2026-07-24,Datafolha,BR-01166/2026,Caiado,4,1.75,2026-07-24,-2.25
2026-07-24,Datafolha,BR-01166/2026,Zema,3,0.95,2026-07-24,-2.05
2026-07-24,Datafolha,BR-01166/2026,Renan,3,11.75,2026-07-24,8.75
2026-07-27,BTG/Nexus,BR-01489/2026,Lula,42,62.5,2026-07-27,20.5
2026-07-27,BTG/Nexus,BR-01489/2026,Flávio,33,23.85,2026-07-27,-9.15
2026-07-27,BTG/Nexus,BR-01489/2026,Caiado,6,1.95,2026-07-27,-4.05
2026-07-27,BTG/Nexus,BR-01489/2026,Renan,5,9.55,2026-07-27,4.55
2026-07-27,BTG/Nexus,BR-01489/2026,Zema,3,0.55,2026-07-27,-2.45
2026-07-29,AtlasIntel,BR-08602/2026,Lula,44.9,62.5,2026-07-29,17.6
2026-07-29,AtlasIntel,BR-08602/2026,Flávio,35.8,23.95,2026-07-29,-11.85
2026-07-29,AtlasIntel,BR-08602/2026,Renan,7.8,8.6,2026-07-29,0.8
2026-07-29,AtlasIntel,BR-08602/2026,Caiado,3.1,2.35,2026-07-29,-0.75
2026-07-29,AtlasIntel,BR-08602/2026,Zema,2.8,0.75,2026-07-29,-2.05
2026-07-30,PoderData/Aya,BR-07845/2026,Lula,41,63.5,2026-07-30,22.5
2026-07-30,PoderData/Aya,BR-07845/2026,Flávio,35,23.95,2026-07-30,-11.05
2026-07-30,PoderData/Aya,BR-07845/2026,Caiado,5,2.55,2026-07-30,-2.45
2026-07-30,PoderData/Aya,BR-07845/2026,Renan,4,8.45,2026-07-30,4.45
2026-07-30,PoderData/Aya,BR-07845/2026,Zema,3,0.55,2026-07-30,-2.45
2026-07-31,Vox Brasil,BR-01084/2026,Lula,40.5,65.5,2026-07-31,25
2026-07-31,Vox Brasil,BR-01084/2026,Flávio,31.2,25.45,2026-07-31,-5.75
2026-07-31,Vox Brasil,BR-01084/2026,Caiado,5.5,1.15,2026-07-31,-4.35
2026-07-31,Vox Brasil,BR-01084/2026,Zema,3.2,0.25,2026-07-31,-2.95
2026-07-31,Vox Brasil,BR-01084/2026,Renan,3,7.45,2026-07-31,4.45
2026-08-03,BTG/Nexus,BR-02874/2026,Lula,41,65.5,2026-07-31,24.5
2026-08-03,BTG/Nexus,BR-02874/2026,Flávio,37,25.45,2026-07-31,-11.55
2026-08-03,BTG/Nexus,BR-02874/2026,Caiado,5,1.15,2026-07-31,-3.85
2026-08-03,BTG/Nexus,BR-02874/2026,Renan,4,7.45,2026-07-31,3.45
2026-08-03,BTG/Nexus,BR-02874/2026,Zema,3,0.25,2026-07-31,-2.75
2026-08-05,Quaest/Genial,BR-06591/2026,Lula,39,65.5,2026-08-05,26.5
2026-08-05,Quaest/Genial,BR-06591/2026,Flávio,30,25.45,2026-08-05,-4.55
2026-08-05,Quaest/Genial,BR-06591/2026,Caiado,4,1.15,2026-08-05,-2.85
2026-08-05,Quaest/Genial,BR-06591/2026,Renan,4,7.45,2026-08-05,3.45
2026-08-05,Quaest/Genial,BR-06591/2026,Zema,2,0.25,2026-08-05,-1.75
2026-08-05,Ideia/Canal Meio,BR-04579/2026,Lula,43,65.5,2026-08-05,22.5
2026-08-05,Ideia/Canal Meio,BR-04579/2026,Flávio,35,25.45,2026-08-05,-9.55
2026-08-05,Ideia/Canal Meio,BR-04579/2026,Caiado,5.7,1.15,2026-08-05,-4.55
2026-08-05,Ideia/Canal Meio,BR-04579/2026,Renan,4.7,7.45,2026-08-05,2.75
2026-08-05,Ideia/Canal Meio,BR-04579/2026,Zema,2.6,0.25,2026-08-05,-2.35
2026-08-10,Palver,BR-06596/2026,Lula,44,63.5,2026-08-10,19.5
2026-08-10,Palver,BR-06596/2026,Flávio,40,27.25,2026-08-10,-12.75
2026-08-10,Palver,BR-06596/2026,Renan,10,7.65,2026-08-10,-2.35
2026-08-10,BTG/Nexus,BR-08428/2026,Lula,40,63.5,2026-08-10,23.5
2026-08-10,BTG/Nexus,BR-08428/2026,Flávio,35,27.25,2026-08-10,-7.75
2026-08-10,BTG/Nexus,BR-08428/2026,Caiado,5,1.15,2026-08-10,-3.85
2026-08-10,BTG/Nexus,BR-08428/2026,Renan,4,7.65,2026-08-10,3.65
2026-08-10,BTG/Nexus,BR-08428/2026,Zema,3,0.45,2026-08-10,-2.55
2026-08-11,CNT/MDA,BR-06935/2026,Lula,42.4,63.5,2026-08-11,21.1
2026-08-11,CNT/MDA,BR-06935/2026,Flávio,28.7,27.25,2026-08-11,-1.45
2026-08-11,Gerp,BR-08045/2026,Lula,38,63.5,2026-08-11,25.5
2026-08-11,Gerp,BR-08045/2026,Flávio,38,27.25,2026-08-11,-10.75
2026-08-11,Gerp,BR-08045/2026,Renan,5,7.75,2026-08-11,2.75
2026-08-11,Gerp,BR-08045/2026,Caiado,4,1.05,2026-08-11,-2.95
2026-08-11,Gerp,BR-08045/2026,Zema,2,0.35,2026-08-11,-1.65
2026-08-11,Futura Inteligência,BR-08109/2026,Lula,38.8,63.5,2026-08-11,24.7
2026-08-11,Futura Inteligência,BR-08109/2026,Flávio,34.1,27.25,2026-08-11,-6.85
2026-08-13,PoderData/Aya,BR-06868/2026,Lula,41,63.5,2026-08-13,22.5
2026-08-13,PoderData/Aya,BR-06868/2026,Flávio,35,27.65,2026-08-13,-7.35
2026-08-14,Quaest/Genial,BR-06773/2026,Lula,38,63.5,2026-08-14,25.5
2026-08-14,Quaest/Genial,BR-06773/2026,Flávio,31,27.85,2026-08-14,-3.15
2026-08-14,Quaest/Genial,BR-06773/2026,Caiado,4,1.05,2026-08-14,-2.95
2026-08-14,Quaest/Genial,BR-06773/2026,Renan,4,7.15,2026-08-14,3.15
2026-08-14,Quaest/Genial,BR-06773/2026,Zema,2,0.35,2026-08-14,-1.65
2026-08-17,BTG/Nexus,BR-03317/2026,Lula,41,64.5,2026-08-17,23.5
2026-08-17,BTG/Nexus,BR-03317/2026,Flávio,36,31.45,2026-08-17,-4.55
2026-08-17,BTG/Nexus,BR-03317/2026,Caiado,5,0.25,2026-08-17,-4.75
2026-08-17,BTG/Nexus,BR-03317/2026,Renan,4,4.05,2026-08-17,0.05
2026-08-17,BTG/Nexus,BR-03317/2026,Zema,4,0.25,2026-08-17,-3.75
2026-08-21,Datafolha,BR-04496/2026,Lula,39,63.5,2026-08-19,24.5
2026-08-21,Datafolha,BR-04496/2026,Flávio,32,32.55,2026-08-19,0.55
2026-08-21,Datafolha,BR-04496/2026,Caiado,5,0.55,2026-08-19,-4.45
2026-08-21,Datafolha,BR-04496/2026,Renan,4,4.05,2026-08-19,0.05
2026-08-21,Datafolha,BR-04496/2026,Zema,3,0.15,2026-08-19,-2.85
2026-08-21,Datafolha,BR-04496/2026,Pablo Marçal,2,0.75,2026-08-19,-1.25
2026-08-21,Veritá,BR-04006/2026,Lula,39.3,63.5,2026-08-19,24.2
2026-08-21,Veritá,BR-04006/2026,Flávio,39.1,32.55,2026-08-19,-6.55
2026-08-21,Veritá,BR-04006/2026,Pablo Marçal,5.2,0.75,2026-08-19,-4.45
2026-08-21,Veritá,BR-04006/2026,Renan,3.8,4.05,2026-08-19,0.25
2026-08-21,Veritá,BR-04006/2026,Caiado,3.3,0.55,2026-08-19,-2.75
2026-08-21,Veritá,BR-04006/2026,Zema,1.3,0.15,2026-08-19,-1.15
2026-08-24,BTG/Nexus,BR-09028/2026,Lula,41,63.5,2026-08-19,22.5
2026-08-24,BTG/Nexus,BR-09028/2026,Flávio,37,32.55,2026-08-19,-4.45
2026-08-24,BTG/Nexus,BR-09028/2026,Caiado,5,0.55,2026-08-19,-4.45
2026-08-24,BTG/Nexus,BR-09028/2026,Renan,3,4.05,2026-08-19,1.05
2026-08-24,BTG/Nexus,BR-09028/2026,Zema,3,0.15,2026-08-19,-2.85
2026-08-26,Gerp,BR-03547/2026,Flávio,38,32.55,2026-08-19,-5.45
2026-08-26,Gerp,BR-03547/2026,Lula,37,63.5,2026-08-19,26.5
2026-08-26,Gerp,BR-03547/2026,Pablo Marçal,4,0.75,2026-08-19,-3.25
2026-08-26,Gerp,BR-03547/2026,Renan,3,4.05,2026-08-19,1.05
2026-08-26,Gerp,BR-03547/2026,Caiado,3,0.55,2026-08-19,-2.45
2026-08-26,Indexa/Broadcast,BR-06366/2026,Lula,39,63.5,2026-08-19,24.5
2026-08-26,Indexa/Broadcast,BR-06366/2026,Flávio,34,32.55,2026-08-19,-1.45
2026-08-26,Indexa/Broadcast,BR-06366/2026,Caiado,5,0.55,2026-08-19,-4.45
2026-08-26,Indexa/Broadcast,BR-06366/2026,Renan,4,4.05,2026-08-19,0.05
2026-08-26,Indexa/Broadcast,BR-06366/2026,Zema,1,0.15,2026-08-19,-0.85
2026-08-27,PoderData/Aya,BR-04974/2026,Lula,38,63.5,2026-08-19,25.5
2026-08-27,PoderData/Aya,BR-04974/2026,Flávio,35,32.55,2026-08-19,-2.45
2026-08-27,PoderData/Aya,BR-04974/2026,Renan,4,4.05,2026-08-19,0.05
2026-08-27,PoderData/Aya,BR-04974/2026,Caiado,4,0.55,2026-08-19,-3.45
2026-08-27,PoderData/Aya,BR-04974/2026,Pablo Marçal,3,0.75,2026-08-19,-2.25
2026-08-27,PoderData/Aya,BR-04974/2026,Zema,2,0.15,2026-08-19,-1.85
2026-08-29,Vox Brasil,BR-05519/2026,Lula,37.1,63.5,2026-08-19,26.4
2026-08-29,Vox Brasil,BR-05519/2026,Flávio,34.8,32.55,2026-08-19,-2.25
2026-08-29,Vox Brasil,BR-05519/2026,Caiado,5,0.55,2026-08-19,-4.45
2026-08-29,Vox Brasil,BR-05519/2026,Renan,3.3,4.05,2026-08-19,0.75
2026-08-29,Vox Brasil,BR-05519/2026,Zema,2.8,0.15,2026-08-19,-2.65
2026-08-31,AtlasIntel/Bloomberg,BR-07972/2026,Lula,43.4,63.5,2026-08-19,20.1
2026-08-31,AtlasIntel/Bloomberg,BR-07972/2026,Flávio,33.7,32.55,2026-08-19,-1.15
2026-08-31,AtlasIntel/Bloomberg,BR-07972/2026,Renan,7.6,4.05,2026-08-19,-3.55
2026-08-31,BTG/Nexus,BR-08900/2026,Lula,39,63.5,2026-08-19,24.5
2026-08-31,BTG/Nexus,BR-08900/2026,Flávio,33,32.55,2026-08-19,-0.45
2026-08-31,BTG/Nexus,BR-08900/2026,Caiado,5,0.55,2026-08-19,-4.45
2026-08-31,BTG/Nexus,BR-08900/2026,Renan,3,4.05,2026-08-19,1.05
2026-08-31,BTG/Nexus,BR-08900/2026,Zema,1,0.15,2026-08-19,-0.85
2026-09-01,Real Time Big Data,BR-03490/2026,Lula,38,63.5,2026-08-19,25.5
2026-09-01,Real Time Big Data,BR-03490/2026,Flávio,29,32.55,2026-08-19,3.55
2026-09-01,Real Time Big Data,BR-03490/2026,Renan,6,4.05,2026-08-19,-1.95
2026-09-01,Real Time Big Data,BR-03490/2026,Caiado,4,0.55,2026-08-19,-3.45
2026-09-01,Real Time Big Data,BR-03490/2026,Pablo Marçal,3,0.75,2026-08-19,-2.25
2026-09-01,Real Time Big Data,BR-03490/2026,Zema,2,0.15,2026-08-19,-1.85
2026-09-02,Quaest/Genial,BR-07065/2026,Lula,37,63.5,2026-08-19,26.5
2026-09-02,Quaest/Genial,BR-07065/2026,Flávio,30,32.55,2026-08-19,2.55
2026-09-02,Quaest/Genial,BR-07065/2026,Renan,3,4.05,2026-08-19,1.05
2026-09-02,Quaest/Genial,BR-07065/2026,Caiado,1,0.55,2026-08-19,-0.45
2026-09-02,Quaest/Genial,BR-07065/2026,Zema,1,0.15,2026-08-19,-0.85
2026-09-02,Quaest/Genial,BR-07065/2026,Pablo Marçal,1,0.75,2026-08-19,-0.25
2026-09-03,Datafolha,BR-03669/2026,Lula,39,63.5,2026-08-19,24.5
2026-09-03,Datafolha,BR-03669/2026,Flávio,32,32.55,2026-08-19,0.55
2026-09-03,Datafolha,BR-03669/2026,Renan,4,4.05,2026-08-19,0.05
2026-09-03,Datafolha,BR-03669/2026,Caiado,4,0.55,2026-08-19,-3.45
2026-09-03,Datafolha,BR-03669/2026,Zema,2,0.15,2026-08-19,-1.85
2026-09-03,Datafolha,BR-03669/2026,Pablo Marçal,2,0.75,2026-08-19,-1.25
2026-09-03,PoderData,BR-07561/2026,Lula,37,63.5,2026-08-19,26.5
2026-09-03,PoderData,BR-07561/2026,Flávio,34,32.55,2026-08-19,-1.45
2026-09-03,PoderData,BR-07561/2026,Renan,3,4.05,2026-08-19,1.05
2026-09-03,PoderData,BR-07561/2026,Caiado,2,0.55,2026-08-19,-1.45
2026-09-03,PoderData,BR-07561/2026,Pablo Marçal,2,0.75,2026-08-19,-1.25
2026-09-03,PoderData,BR-07561/2026,Zema,1,0.15,2026-08-19,-0.85
2026-09-06,Veritá,BR-09426/2026,Flávio,38.9,32.55,2026-08-19,-6.35
2026-09-06,Veritá,BR-09426/2026,Lula,38.4,63.5,2026-08-19,25.1
2026-09-06,Veritá,BR-09426/2026,Renan,3.7,4.05,2026-08-19,0.35
2026-09-06,Veritá,BR-09426/2026,Caiado,1.9,0.55,2026-08-19,-1.35
2026-09-06,Veritá,BR-09426/2026,Pablo Marçal,1.4,0.75,2026-08-19,-0.65
2026-09-06,Veritá,BR-09426/2026,Zema,0.3,0.15,2026-08-19,-0.15
2026-09-07,Quaest/Genial,BR-01720/2026,Lula,36,63.5,2026-08-19,27.5
2026-09-07,Quaest/Genial,BR-01720/2026,Flávio,29,32.55,2026-08-19,3.55
2026-09-07,Quaest/Genial,BR-01720/2026,Caiado,3,0.55,2026-08-19,-2.45
2026-09-07,Quaest/Genial,BR-01720/2026,Renan,3,4.05,2026-08-19,1.05
2026-09-07,Quaest/Genial,BR-01720/2026,Zema,2,0.15,2026-08-19,-1.85
2026-09-07,Quaest/Genial,BR-01720/2026,Pablo Marçal,1,0.75,2026-08-19,-0.25
2026-09-08,BTG/Nexus,BR-06790/2026,Lula,39,63.5,2026-08-19,24.5
2026-09-08,BTG/Nexus,BR-06790/2026,Flávio,35,32.55,2026-08-19,-2.45
2026-09-08,BTG/Nexus,BR-06790/2026,Caiado,4,0.55,2026-08-19,-3.45
2026-09-08,BTG/Nexus,BR-06790/2026,Renan,4,4.05,2026-08-19,0.05
2026-09-08,BTG/Nexus,BR-06790/2026,Zema,1,0.15,2026-08-19,-0.85
2026-09-09,Ideia/Canal Meio,BR-07935/2026,Lula,38.4,63.5,2026-08-19,25.1
2026-09-09,Ideia/Canal Meio,BR-07935/2026,Flávio,37.3,32.55,2026-08-19,-4.75
2026-09-09,Ideia/Canal Meio,BR-07935/2026,Renan,4,4.05,2026-08-19,0.05
2026-09-09,Ideia/Canal Meio,BR-07935/2026,Caiado,4,0.55,2026-08-19,-3.45
2026-09-09,Ideia/Canal Meio,BR-07935/2026,Zema,1.5,0.15,2026-08-19,-1.35
2026-09-09,Ideia/Canal Meio,BR-07935/2026,Pablo Marçal,1.5,0.75,2026-08-19,-0.75
2026-09-09,Gerp,BR-00251/2026,Flávio,37,32.55,2026-08-19,-4.45
2026-09-09,Gerp,BR-00251/2026,Lula,34,63.5,2026-08-19,29.5
2026-09-09,Gerp,BR-00251/2026,Caiado,5,0.55,2026-08-19,-4.45
2026-09-09,Gerp,BR-00251/2026,Renan,4,4.05,2026-08-19,0.05
2026-09-09,Gerp,BR-00251/2026,Pablo Marçal,2,0.75,2026-08-19,-1.25
2026-09-09,Gerp,BR-00251/2026,Zema,1,0.15,2026-08-19,-0.85
2026-09-09,Palver,BR-05420/2026,Lula,40,63.5,2026-08-19,23.5
2026-09-09,Palver,BR-05420/2026,Flávio,40,32.55,2026-08-19,-7.45
2026-09-09,Palver,BR-05420/2026,Renan,11,4.05,2026-08-19,-6.95
2026-09-09,Palver,BR-05420/2026,Caiado,1,0.55,2026-08-19,-0.45
2026-09-09,Palver,BR-05420/2026,Zema,1,0.15,2026-08-19,-0.85
2026-09-09,Palver,BR-05420/2026,Pablo Marçal,1,0.75,2026-08-19,-0.25
2026-09-10,PoderData/Aya,BR-04914/2026,Lula,38,43.5,2026-09-10,5.5
2026-09-10,PoderData/Aya,BR-04914/2026,Flávio,36,52.85,2026-09-10,16.85
2026-09-10,PoderData/Aya,BR-04914/2026,Renan,3,2.15,2026-09-10,-0.85
2026-09-10,PoderData/Aya,BR-04914/2026,Caiado,2,0.25,2026-09-10,-1.75
2026-09-10,PoderData/Aya,BR-04914/2026,Pablo Marçal,2,1,2026-09-10,-1
